netuid,slug,name,native_name,status,subnet_type,lifecycle,coverage_level,curation_level,surface_count,probed_surface_count,candidate_count,gap_count,participant_count,mechanism_count,tempo,block,registered_at_block,source_repo,website_url,docs_url,dashboard_url,logo_url,contact_present,discord,discord_url,categories,description
0,root,root,root,active,root,active,probed,maintainer-reviewed,17,16,1,4,64,1,100,8404076,0,https://github.com/opentensor/subtensor,https://bittensor.com,https://docs.learnbittensor.org/concepts/bittensor-networks,https://taomarketcap.com/subnets/0,,false,,,baseline-augmented; chain-rpc; root; system,
1,sn-1,Apex,Apex,active,application,active,probed,maintainer-reviewed,9,9,12,4,256,1,99,8404076,1497824,https://github.com/macrocosm-os/apex,https://apex.macrocosmos.ai/,https://docs.macrocosmos.ai/subnets/subnet-1-apex,https://taomarketcap.com/subnets/1,https://www.macrocosmos.ai/images/mc_logo_black.png,true,macrocrux,,baseline-augmented; baseline-curated; identity-reviewed; macrocosmos; official-docs; official-source-repo; official-website,Open competitions for algorithmic and agentic optimization
2,dsperse,DSperse,DSperse,active,application,active,probed,maintainer-reviewed,10,10,9,4,256,1,360,8404076,2734060,https://github.com/inference-labs-inc/subnet-2,https://subnet2.inferencelabs.com/,https://sn2-docs.inferencelabs.com/,,https://dsperse.inferencelabs.com/logo-512.png,false,,,baseline-augmented; baseline-curated; identity-reviewed; official-docs; official-source-repo; official-website; verifiable-oracles; zkml,Verifiable and distributed inference on Bittensor
3,sn-3,Templar,deprecated,active,application,deprecated,probed,maintainer-reviewed,10,10,2,4,256,1,360,8404076,4165565,https://github.com/one-covenant/templar,https://www.tplr.ai/,https://docs.tplr.ai/,https://wandb.ai/tplr/templar,,true,,,baseline-augmented; baseline-curated; decentralized-training; identity-drift; identity-reviewed; official-source-repo,
4,sn-4,Targon,Targon,active,application,active,probed,maintainer-reviewed,10,10,15,4,256,1,360,8404076,1411451,https://github.com/manifold-inc/targon,https://targon.com/,https://docs.targon.com/,,https://www.manifold.inc/favicon.svg,true,,,baseline-augmented; baseline-curated; identity-reviewed; official-docs; official-source-repo; official-website,Incentivized Compute Marketplace powered by the Targon Virtual Machine (TVM).
5,sn-5,Hone,Hone,active,application,active,probed,maintainer-reviewed,10,10,11,4,256,1,360,8404076,2491604,https://github.com/manifold-inc/hone,https://www.hone.training/,,https://taomarketcap.com/subnets/5,https://www.hone.training/logo.svg,true,,,baseline-augmented; baseline-curated; identity-reviewed; official-source-repo; official-website,Hone training
6,numinous,Numinous,Numinous,active,application,active,probed,maintainer-reviewed,11,11,13,2,256,1,360,8404076,3219949,https://github.com/numinouslabs/numinous,https://numinouslabs.io/,https://api.numinouslabs.io/api/docs,,https://numinouslabs.io/numinous-logo.svg,true,amedeo_ma,,baseline-augmented; baseline-curated; forecasting; identity-reviewed; official-source-repo; official-website; openapi; subnet-api,Numinous is a forecasting protocol whose goal is to aggregate agents into superhuman LLM forecasters.
7,allways,Allways,Allways,active,application,active,probed,adapter-backed,22,21,7,1,256,1,360,8404076,2627691,https://github.com/entrius/allways,https://all-ways.io/,https://docs.all-ways.io/how-it-works.html,,https://allways-905418005698-us-east-2-an.s3.us-east-2.amazonaws.com/sn7-light.png,false,,,baseline-augmented; bitcoin; pilot; subnet-api,universal transaction layer
8,sn-8,Vanta,Vanta,active,application,active,probed,maintainer-reviewed,10,10,9,4,256,1,360,8404076,1477264,https://github.com/taoshidev/vanta-network,https://www.vantanetwork.io/,https://www.vantanetwork.io/tokenomics,https://www.vantanetwork.io/dashboard,https://website-git-ken-vanta-taoshi.vercel.app/black-white.png,false,tl_arrash,,baseline-augmented; baseline-curated; identity-reviewed; official-source-repo; official-website,The first decentralized & trustless liquidity and execution engine for prop firms and traders
9,sn-9,iota,iota,active,application,active,probed,maintainer-reviewed,9,9,15,4,256,1,360,8404076,1489797,https://github.com/macrocosm-os/iota,https://iota.macrocosmos.ai/,,https://iota.macrocosmos.ai/dashboard/mainnet,https://www.macrocosmos.ai/images/mc_logo_black.png,true,macrocrux,,baseline-augmented; baseline-curated; identity-reviewed; macrocosmos; official-dashboard; official-source-repo; official-website,The world's first permissionless pipeline parallel training architecture
10,sn-10,Swap,Swap,active,application,active,probed,maintainer-reviewed,8,8,7,4,256,1,360,8404076,2869647,https://github.com/Swap-Subnet/swap-subnet,https://www.taofi.com/pool,https://docs.taofi.com/,https://taomarketcap.com/subnets/10,https://www.taofi.com/images/SN10-Swap-Dark.png,false,,,baseline-augmented; baseline-curated; identity-reviewed; official-docs; official-source-repo; official-website,Swap is onboarding users to Bittensor.
11,sn-11,TrajectoryRL,TrajectoryRL,active,application,active,probed,maintainer-reviewed,12,12,9,4,256,1,360,8404076,2918568,https://github.com/trajectoryRL/trajectoryRL,https://trajrl.com/,https://trajrl.com/docs,https://trajrl.com/leaderboard,https://pbs.twimg.com/profile_images/2018928039716089856/2PZ-Bhm2_400x400.jpg,true,,,baseline-augmented; baseline-curated; identity-reviewed; official-docs; official-source-repo; official-website,"Agentic RL as a Service, Optimize agent trajectories to make agents cheaper, safer, and more reliable."
12,sn-12,Compute Horde,Compute Horde,active,application,active,probed,maintainer-reviewed,8,8,2,4,256,1,360,8404076,2256433,https://github.com/backend-developers-ltd/ComputeHorde,https://computehorde.io/,,https://grafana.bittensor.church/d/subnet/metagraph-subnet?var-subnet=12,,false,,,baseline-augmented; baseline-curated; compute; dashboard; identity-reviewed; official-source-repo; official-website,
13,sn-13,Data Universe,Data Universe,active,application,active,probed,maintainer-reviewed,15,15,14,4,256,1,360,8404076,1907637,https://github.com/macrocosm-os/data-universe,https://datauniverse.macrocosmos.ai/,https://docs.macrocosmos.ai/product-and-services/gravity,https://taomarketcap.com/subnets/13,https://www.macrocosmos.ai/images/mc_logo_black.png,true,macrocrux,,baseline-augmented; baseline-curated; data; identity-reviewed; mcp; official-docs; official-source-repo; official-website,Scraping the world's social media data
14,cacheon,Cacheon,Cacheon,active,application,active,probed,maintainer-reviewed,11,11,13,3,256,1,360,8404076,4848444,https://github.com/latent-to/cacheon,https://cacheon.ai/,https://cacheon.ai/docs,,https://cacheon.ai/icon-192.png,true,https://discord.com/invite/bittensor,https://discord.com/invite/bittensor,baseline-augmented; baseline-curated; identity-reviewed; inference; official-docs; official-source-repo; official-website,A competition where miners submit containerized inference servers to compete on speed and correctness when serving an open-source model
15,sn-15,ORO,ORO,active,application,active,probed,maintainer-reviewed,9,9,14,4,256,1,360,8404076,7366897,https://github.com/ORO-AI/oro,https://oroagents.com/,https://docs.oroagents.com/docs/miners/quick-start,https://oroagents.com/,https://raw.githubusercontent.com/ORO-AI/oro/main/brand/profile-snowcap.png,true,https://discord.gg/MHqAVWTdka,https://discord.gg/MHqAVWTdka,baseline-augmented; baseline-curated; identity-reviewed; official-docs; official-source-repo; official-website,AI commerce agents
16,sn-16,BitAds,BitAds,active,application,active,probed,maintainer-reviewed,8,8,6,4,256,2,360,8404076,2765446,https://github.com/FirstTensorLabs/BitAds,https://bitads.ai/,https://bitads.ai/docs,https://taomarketcap.com/subnets/16,https://raw.githubusercontent.com/FirstTensorLabs/BitAds-Assets/refs/heads/main/Logo-white-green-black.png,false,https://discord.gg/qasY3HA9F9,https://discord.gg/qasY3HA9F9,baseline-augmented; baseline-curated; identity-reviewed; official-docs; official-source-repo; official-website,"BitAds is a decentralized, Proof of Sale marketing network where merchandisers stake or rent ALPHA to own marketing bandwidth, and miners earn on verified sales."
17,sn-17,404—GEN,404—GEN,active,application,active,probed,candidate-discovered,7,7,13,4,256,1,360,8404076,2840556,https://github.com/404-Repo/404-gen-subnet,https://www.404.xyz/,,,https://avatars.githubusercontent.com/u/154099142?s=200&v=4,true,,,baseline-augmented,a decentralized 3D content generation competition
18,sn-18,Zeus,Zeus,active,application,active,probed,candidate-discovered,8,8,11,4,257,1,360,8404076,1604679,https://github.com/Orpheus-AI/Zeus,https://www.zeussubnet.com/,,,https://raw.githubusercontent.com/Orpheus-AI/Zeus/refs/heads/main/static/zeus-icon.png,false,wouter_orpheusai,,baseline-augmented,Pushing weather forecasts beyond state-of-the-art
19,sn-19,blockmachine,blockmachine,active,application,active,probed,maintainer-reviewed,9,9,16,4,256,1,360,8404076,1956072,https://github.com/taostat/blockmachine,https://blockmachine.io/,https://blockmachine.io/whitepaper,https://taomarketcap.com/subnets/19,https://blockmachine.io/logo.svg,true,,,baseline-augmented; baseline-curated; identity-reviewed; official-docs; official-source-repo; official-website,Harnessing Bittensor's incentive layer to forge self-optimizing infrastructure.
20,sn-20,GroundLayer,GroundLayer,active,application,active,probed,maintainer-reviewed,9,9,10,4,256,1,360,8404076,1970929,https://github.com/RogueTensor/comingsoon,https://www.groundlayer.xyz/,,https://taomarketcap.com/subnets/20,https://www.groundlayer.xyz/icon.png,true,,,baseline-augmented; baseline-curated; capital-markets; identity-reviewed,Structured OTC deals for subnet tokens.
21,sn-21,AdTAO,AdTAO,active,application,active,probed,maintainer-reviewed,7,7,17,4,256,1,360,8404076,3156578,https://github.com/ippcteam/SN21-adtao,https://adtao.io/,,https://taomarketcap.com/subnets/21,https://www.ppcrebel.com/i/adtao.png,true,,,advertising; baseline-augmented; baseline-curated; identity-reviewed; official-source-repo; official-website,Counterfactual impact prediction for advertising interventions
22,sn-22,Desearch,Desearch,active,application,active,probed,maintainer-reviewed,16,15,15,2,256,1,360,8404076,2009702,https://github.com/Desearch-ai/subnet-22,https://www.desearch.ai/,https://www.desearch.ai/docs,https://console.desearch.ai/,https://desearch.ai/assets/logo-icon-C18R0lAC.png,true,https://discord.gg/P44zrJmdFy,https://discord.gg/P44zrJmdFy,baseline-augmented; baseline-curated; identity-reviewed; official-api; official-docs; official-openapi; official-source-repo; official-website; search; social-data,Decentralized search engine
23,sn-23,Trishool,Trishool,active,application,active,probed,maintainer-reviewed,10,10,9,3,256,1,360,8404076,2063528,https://github.com/TrishoolAI/trishool-phase2,https://trishool.ai/,,https://trishool.ai/dashboard,https://trishool.ai/_next/image?url=%2Ftrishool-logo-small.png&w=96&q=75,true,https://discord.com/channels/799672011265015819/1437447445176127618,https://discord.com/channels/799672011265015819/1437447445176127618,baseline-augmented; baseline-curated; identity-reviewed; official-dashboard; official-source-repo; subnet-api-observed,Trishool is the AI alignment protocol built on Bittensor
24,sn-24,Quasar,Quasar,active,application,active,probed,maintainer-reviewed,11,11,9,3,256,1,360,8404076,2538424,https://github.com/SILX-LABS/QUASAR-SUBNET,https://silxinc.com/,https://github.com/SILX-LABS/QUASAR-SUBNET/blob/main/README.md,https://taomarketcap.com/subnets/24,https://silxinc.com/_next/image?url=%2Flogo-white.png&w=640&q=75,true,https://discordapp.com/channels/799672011265015819/1214246819886931988,https://discordapp.com/channels/799672011265015819/1214246819886931988,baseline-augmented; baseline-curated; identity-reviewed; language-models; model-artifacts; official-docs; official-source-repo; official-website,Bittensor subnet built to crush the long-context barrier.
25,sn-25,Mainframe,Mainframe,active,application,active,probed,maintainer-reviewed,9,9,15,4,256,1,360,8404076,2998801,https://github.com/macrocosm-os/mainframe,https://macrocosmos.ai/sn25,,https://taomarketcap.com/subnets/25,https://www.macrocosmos.ai/images/mc_logo_black.png,true,mccrinbc,,baseline-augmented; baseline-curated; compute; identity-reviewed; macrocosmos; official-source-repo,Powering decentralized science on Bittensor
26,sn-26,Perturb,Perturb,active,application,active,probed,candidate-discovered,8,8,10,4,256,1,360,8404076,8123781,https://github.com/0xsigurd/Perturb,https://www.perturbai.io/,,,https://www.perturbai.io/logo/Perturb_Logo_Light.svg,true,,,baseline-augmented,Decentralized adversarial robustness network
27,sn-27,Team TBC,Team TBC,active,application,active,probed,machine-verified,5,5,3,6,256,1,360,8404076,1727132,,,https://github.com/e35ventura/taopedia-articles/blob/main/content/pages/subnet_27/index.mdx,https://backprop.finance/dtao/subnets/27-team-tbc,,false,,,baseline-curated,
28,gm,gm,gm,active,application,active,probed,maintainer-reviewed,7,7,7,5,256,1,360,8404076,4878363,,https://saygm.com/,,,https://saygm.com/apple-touch-icon.png,true,,,baseline-augmented; baseline-curated; identity-reviewed; llm-inference; marketplace; tee,say gm to AI.
29,sn-29,Coldint,Coldint,active,application,active,probed,maintainer-reviewed,11,11,1,3,256,1,360,8404076,3379782,https://github.com/coldint/coldint_validator,https://coldint.io/,https://github.com/coldint/coldint_validator/blob/main/README.md,https://taostats.io/subnets/netuid-29,,false,,,baseline-augmented; baseline-curated; data; distributed-training; identity-reviewed; official-docs; official-source-repo; official-website,
30,sn-30,Endure Network,Endure Network,active,application,active,probed,maintainer-reviewed,7,7,8,5,256,1,360,8404076,3250216,,https://endure.network/,https://docs.endure.network/,https://taomarketcap.com/subnets/30,https://docs.endure.network/img/favicon.png,false,,,baseline-augmented; baseline-curated; defi; identity-reviewed; official-docs; official-website; risk-intelligence,The risk intelligence network
31,recall,Recall,rec4ll,active,application,active,probed,maintainer-reviewed,5,5,1,6,256,1,360,8404076,7173591,,,,,,false,,,baseline-augmented; baseline-curated; identity-drift; identity-reviewed; rag; retrieval,"Recall provides decentralized retrieval-augmented generation to Bittensor. Miners serve embedding models, vector search, and LLM inference. Validators independently evaluate retrieval accuracy and answer quality. The subnet discovers the best RAG pipeline through open competition and routes user queries to the top performers. Think of it as an always-improving, community-owned search engine with citations."
32,sn-32,ItsAI,ItsAI,active,application,active,probed,maintainer-reviewed,8,8,17,4,256,1,360,8404076,2515294,https://github.com/It-s-AI/llm-detection,https://its-ai.org/en,,https://taomarketcap.com/subnets/32,https://github.com/It-s-AI/llm-detection/blob/main/full_logo.png,true,https://discord.com/channels/799672011265015819/1215319932062011464,https://discord.com/channels/799672011265015819/1215319932062011464,baseline-augmented; baseline-curated; identity-reviewed; official-source-repo; official-website,ItsAI is a bittensor subnet focused on high-quality AI detection for texts. Recognised as the most accurate AI detector by MGTD benchmark.
33,sn-33,ReadyAI,ReadyAI,active,application,active,probed,maintainer-reviewed,10,10,3,3,256,1,360,8404076,2943950,https://github.com/afterpartyai/bittensor-conversation-genome-project,https://readyai.ai/,https://github.com/afterpartyai/bittensor-conversation-genome-project/blob/main/README.md,,,true,,,baseline-augmented; baseline-curated; conversation-data; data; identity-reviewed; official-docs; official-source-repo; official-website,
34,sn-34,BitMind,BitMind,active,application,active,probed,maintainer-reviewed,10,10,4,4,256,1,360,8404076,3493948,https://github.com/BitMind-AI/bitmind-subnet,https://bitmind.ai/,https://docs.bitmind.ai/,https://app.bitmind.ai/,,true,,,baseline-augmented; baseline-curated; deepfake-detection; identity-reviewed; official-app; official-docs; official-source-repo; official-website,
35,sn-35,OxMarkets,OxMarkets,active,application,active,probed,candidate-discovered,8,8,8,4,256,1,360,8404076,3037158,https://github.com/General-Tao-Ventures/cartha-validator,https://www.0xmarkets.io/,,,https://storage.googleapis.com/cartha-assets/cartha_logo.png,true,https://0xmarkets.io/discord,https://0xmarkets.io/discord,baseline-augmented,"Liquidity-as-a-Service subnet powering 0xMarkets - a permissionless perp DEX for FX, crypto, and commodities. Deposit USDC. Earn Spread + Fees + Alpha."
36,sn-36,Eirel,Eirel,active,application,active,probed,candidate-discovered,8,8,10,4,256,1,360,8404076,7894898,https://github.com/RendixNetwork/eirel-ai,https://eirel.ai/,,,https://eirel.ai/logo.png,false,,,baseline-augmented,The execution layer for multimodal AI workflows
37,sn-37,Aurelius,Aurelius,active,application,active,probed,candidate-discovered,7,7,12,4,256,1,360,8404076,3212175,https://github.com/Aurelius-Protocol/Aurelius-Protocol,https://aureliusaligned.ai/,,,https://raw.githubusercontent.com/Aurelius-Protocol/aurelius-whitepaper/main/aurelius_logo.png,true,,,baseline-augmented,Decentralized Alignment of Artificial Intelligence
38,sn-38,ChronoLLM,ChronoLLM,active,application,active,probed,machine-verified,6,6,2,5,256,1,360,8404076,7284230,https://github.com/chronollm/sn38,,https://github.com/e35ventura/taopedia-articles/blob/main/content/pages/subnet_38/index.mdx,https://backprop.finance/dtao/subnets/38-chronollm,,true,https://discord.com/channels/799672011265015819/1485634202895519844,https://discord.com/channels/799672011265015819/1485634202895519844,baseline-curated,Competitive training of chronologically consistent Large Language Models
39,sn-39,Basilica,deprecated,active,application,deprecated,probed,maintainer-reviewed,9,8,2,4,256,1,360,8404076,3280104,https://github.com/one-covenant/basilica,https://www.basilica.ai/,,https://taomarketcap.com/subnets/39,,true,,,baseline-augmented; baseline-curated; compute; identity-drift; identity-reviewed; official-source-repo,
40,chunking,Chunking,Chunking,active,application,active,probed,maintainer-reviewed,6,6,3,5,256,1,360,8404076,3372582,,https://subnet.chunking.com/,,,,false,,,baseline-augmented; baseline-curated; data-pipeline; identity-reviewed; official-website; rag,
41,sn-41,Almanac,Almanac,active,application,active,probed,machine-verified,8,8,7,4,256,1,360,8404076,3394182,https://github.com/sportstensor/sn41,https://almanac.market/,https://github.com/e35ventura/taopedia-articles/blob/main/content/pages/subnet_41/index.mdx,https://backprop.finance/dtao/subnets/41-almanac,https://beta.almanac.market/assets/favicons/favicon-32x32.png,false,,,baseline-curated,Incentivized market intelligence.
42,sn-42,Gopher,Unknown,active,application,active,probed,maintainer-reviewed,9,9,1,4,256,1,360,8404076,3613591,https://github.com/gopher-lab/subnet-42,https://developers.gopher-ai.com/,https://developers.gopher-ai.com/docs/subnet/intro,https://taomarketcap.com/subnets/42,,false,,,baseline-augmented; baseline-curated; data; identity-drift; identity-reviewed; official-docs; official-source-repo; official-website; tee,
43,sn-43,Graphite,Graphite,active,application,active,probed,maintainer-reviewed,7,7,2,4,256,1,360,8404076,3408582,https://github.com/GraphiteAI/Graphite-Subnet,https://graphite-ai.net/,,https://taomarketcap.com/subnets/43,,true,,,baseline-augmented; baseline-curated; identity-reviewed; official-source-repo; official-website; optimization; research,
44,sn-44,Score,Score,active,application,active,probed,candidate-discovered,7,7,9,4,256,2,360,8404076,3550319,https://github.com/score-technologies/turbovision,https://www.wearescore.com/,,,https://www.wearescore.com/android-chrome-512x512.png,true,,,baseline-augmented,Making every camera intelligent
45,sn-45,Talisman AI,Talisman AI,active,application,active,probed,maintainer-reviewed,9,9,15,4,256,1,360,8404076,3633154,https://github.com/Team-Rizzo/talisman-ai,https://ai.talisman.xyz/,,https://taomarketcap.com/subnets/45,https://styles.redditmedia.com/t5_53lwgb/styles/communityIcon_vb7hazik5aqf1.jpg,true,,,baseline-augmented; baseline-curated; identity-reviewed; official-source-repo; official-website,
46,sn-46,Zipcode,Zipcode,active,application,active,probed,machine-verified,9,9,15,3,256,1,360,8404076,3919107,https://github.com/resi-labs-ai/RESI-models,https://zipcode.ai/,https://github.com/e35ventura/taopedia-articles/blob/main/content/pages/subnet_46/index.mdx,https://backprop.finance/dtao/subnets/46-zipcode,https://zipcode-public.nyc3.cdn.digitaloceanspaces.com/logo_icon.png,true,https://discord.gg/9Hxmh7H6Pt,https://discord.gg/9Hxmh7H6Pt,baseline-curated,The Real Estate Intelligence Network
47,sn-47,EvolAI,EvolAI,active,application,active,probed,maintainer-reviewed,8,8,3,4,110,1,360,8404076,7340355,https://github.com/openevolai/evolai,,,https://taomarketcap.com/subnets/47,,false,,,baseline-augmented; baseline-curated; data; identity-reviewed; official-source-repo,"A subnet focused on the research, development, and evaluation of evolving AI systems"
48,sn-48,Quantum Compute,Quantum Compute,active,application,active,probed,maintainer-reviewed,7,7,18,4,256,1,360,8404076,3856677,https://github.com/qbittensor-labs/quantum-compute,https://www.qbittensorlabs.com/,,https://taomarketcap.com/subnets/48,https://qbittensorlabs.com/48.png,true,qbittensorlabs,,baseline-augmented; baseline-curated; compute; identity-reviewed; official-source-repo; official-website; quantum,Quantum Computing
49,sn-49,Nepher Robotics,Nepher Robotics,active,application,active,probed,maintainer-reviewed,11,10,9,2,256,1,360,8404076,6783158,https://github.com/nepher-ai/nepher-subnet,https://nepher.ai,https://docs.nepher.ai/,https://tournament.nepher.ai,https://tournaments.nepher.ai/logo.png,true,https://discord.gg/nepher,https://discord.gg/nepher,baseline-augmented; baseline-curated; identity-reviewed; official-api; official-docs; official-openapi; official-source-repo; official-website; robotics; tournament,Pioneering Simulation-First Robotics Development
50,sn-50,Synth,Synth,active,application,active,probed,machine-verified,8,8,7,4,256,1,360,8404076,4763204,https://github.com/mode-network/synth-subnet,https://synthdata.co/,https://github.com/e35ventura/taopedia-articles/blob/main/content/pages/subnet_50/index.mdx,https://backprop.finance/dtao/subnets/50-synth,https://taostats.io/images/subnets/50.webp?w=96&q=75,false,,,baseline-curated,Predictive intelligence for financial markets and beyond
51,sn-51,lium.io,lium.io,active,application,active,probed,machine-verified,10,10,15,3,256,1,360,8404076,3966206,https://github.com/Datura-ai/lium-io,https://lium.io/,https://docs.lium.io/bittensor-subnet/overview,https://backprop.finance/dtao/subnets/51-lium-io,https://raw.githubusercontent.com/Datura-ai/lium-logos/refs/heads/main/Celium_Icon_FullColor.png,false,p383_54249,,baseline-curated,revolutionizing the democratization of compute
52,sn-52,Dojo,Dojo,active,application,active,probed,maintainer-reviewed,10,10,2,4,256,1,360,8404076,3989825,https://github.com/tensorplex-labs/dojo,https://www.tensorplex.ai/,https://docs.tensorplex.ai/tensorplex-docs/tensorplex-dojo-bittensor-subnet/subnet-mechanism,https://taomarketcap.com/subnets/52,,true,,,baseline-augmented; baseline-curated; identity-reviewed; official-docs; official-source-repo; official-website; tensorplex,
53,efficientfrontier,EfficientFrontier,EfficientFrontier,active,application,active,probed,maintainer-reviewed,7,7,3,4,256,1,360,8404076,4203869,https://github.com/EfficientFrontier-SignalPlus/EfficientFrontier,https://www.signalplus.com/,,https://t.signalplus.com/mining,,false,,,baseline-augmented; baseline-curated; defi; financial-trading; identity-reviewed; official-website; trading-strategies,
54,sn-54,Yanez MIID,Yanez MIID,active,application,active,probed,machine-verified,7,7,10,4,256,1,360,8404076,4742549,https://github.com/yanez-compliance/MIID-subnet,https://www.yanez.ai/,https://github.com/e35ventura/taopedia-articles/blob/main/content/pages/subnet_54/index.mdx,https://backprop.finance/dtao/subnets/54-yanez-miid,https://www.dropbox.com/scl/fi/qdp0wjseryfuul0uibh06/Yanez-AI-Logo-Icon-Outline-Glow.png?rlkey=kbtcpb5mhdpymcbjjbsd425kw&st=te8yxdou&raw=1,true,https://discord.com/channels/799672011265015819/1351934165964296232,https://discord.com/channels/799672011265015819/1351934165964296232,baseline-curated,Yanez MIID generates synthetic identities for testing financial crime prevention systems
55,sn-55,NIOME,NIOME,active,application,active,probed,machine-verified,7,7,11,4,256,1,360,8404076,4703386,https://github.com/genomesio/subnet-niome,https://niome.genomes.io/,https://github.com/e35ventura/taopedia-articles/blob/main/content/pages/subnet_55/index.mdx,https://backprop.finance/dtao/subnets/55-niome,https://miro.medium.com/v2/resize:fit:1400/format:webp/1*pgi-9hji1nosR-l7taHQeA.png,true,https://discord.gg/7mJkaJZX,https://discord.gg/7mJkaJZX,baseline-curated,NIOME is a decentralized AI subnet that enables privacy-safe genomic intelligence by replacing real human genomes with high-fidelity synthetic genomic profiles
56,gradients,Gradients,Gradients,active,application,active,probed,maintainer-reviewed,14,13,17,1,256,1,360,8404076,4312927,https://github.com/gradients-ai/G.O.D,https://www.gradients.io/,https://api.gradients.io/docs,https://backprop.finance/dtao/subnets/56-gradients,https://gradients-public.s3.eu-central-003.backblazeb2.com/gradientslogo.png,true,,,ai-training; baseline-augmented; baseline-curated; identity-reviewed; official-api; official-openapi; official-website; operational-interface,Best AutoML plaftorm in the world
57,sn-57,Sparket,gaia,active,application,active,probed,maintainer-reviewed,7,7,1,4,192,1,360,8404076,8057320,https://github.com/sparket-ai/sparket-ai,https://sparket.ai/,,https://taomarketcap.com/subnets/57,,false,,,baseline-augmented; baseline-curated; identity-reviewed; official-source-repo; official-website; prediction-market; sports,
58,sn-58,Handshake58,Pending,active,application,pending,probed,maintainer-reviewed,12,12,4,2,256,1,360,8404076,4367003,https://github.com/Handshake58/HS58-subnet,https://handshake58.com,https://handshake58.com/skill.md,https://taomarketcap.com/subnets/58,,false,,,ai-marketplace; baseline-augmented; baseline-curated; identity-reviewed; official-api; official-openapi; official-source-repo; official-website; payments,
59,sn-59,Babelbit,Babelbit,active,application,active,probed,machine-verified,7,7,12,4,256,1,360,8404076,4401833,https://github.com/babelbit/babelbit_subnet,https://babelbit.ai/,https://github.com/e35ventura/taopedia-articles/blob/main/content/pages/subnet_59/index.mdx,https://backprop.finance/dtao/subnets/59-babelbit,https://babelbit.ai/babelbit-tower-logo-rev-no-text.png,true,https://discord.com/channels/799672011265015819/1407849009976053832,https://discord.com/channels/799672011265015819/1407849009976053832,baseline-curated,Babelbit: harnessing the predictive power of LLMs to deliver state-of-the-art translation services
60,sn-60,Bitsec.ai,Bitsec.ai,active,application,active,probed,machine-verified,9,9,7,4,256,1,360,8404076,4796992,https://github.com/Bitsec-AI/sandbox,https://bitsec.ai/,https://docs.bitsec.ai/,https://backprop.finance/dtao/subnets/60-bitsec-ai,,true,yubo,,baseline-curated,find and fix exploits in codebases
61,sn-61,RedTeam,RedTeam,active,application,active,probed,maintainer-reviewed,8,8,8,4,256,1,360,8404076,4457976,https://github.com/RedTeamSubnet/RedTeam,https://www.theredteam.io/,https://docs.theredteam.io/,https://dashboard.theredteam.io/,,true,https://discord.com/channels/799672011265015819/1319313447435108413,https://discord.com/channels/799672011265015819/1319313447435108413,baseline-augmented; baseline-curated; cybersecurity; identity-reviewed; official-dashboard; official-docs; official-source-repo; official-website,"""The RedTeam subnet by Innerworks is a decentralized platform designed to drive innovation in cybersecurity through competitive programming challenges. The subnet incentivizes miners to develop and submit code solutions to various technical challenges, with a focus on enhancing security. These solutions can be integrated into real-world products to improve their security features."""
62,sn-62,Ridges,Ridges,active,application,active,probed,maintainer-reviewed,7,7,8,4,256,1,360,8404076,4474225,https://github.com/ridgesai/ridges,https://www.ridges.ai/,,https://taomarketcap.com/subnets/62,https://www.ridges.ai/logo.png,true,https://discord.gg/WeDvTnYDad,https://discord.gg/WeDvTnYDad,agents; baseline-augmented; baseline-curated; identity-reviewed; official-source-repo,Software Engineering Agents
63,sn-63,Enigma,Enigma,active,application,active,probed,maintainer-reviewed,7,7,18,4,256,1,360,8404076,4885578,https://github.com/qbittensor-labs/enigma,https://www.qbittensorlabs.com/,,https://taomarketcap.com/subnets/63,https://www.qbittensorlabs.com/63.png,true,qbittensorlabs,,baseline-augmented; baseline-curated; identity-reviewed; official-source-repo; official-website; quantum,Breaking today to build tomorrow
64,sn-64,Chutes,Chutes,active,application,active,probed,maintainer-reviewed,17,16,21,1,256,1,360,8404076,4531295,https://github.com/chutesai/chutes,https://chutes.ai/,https://chutes.ai/docs,https://chutes.ai/app?type=llm,https://storage.googleapis.com/chutes-random/logo-chutes.png,true,https://discord.gg/chutes,https://discord.gg/chutes,baseline-augmented; baseline-curated; compute; identity-reviewed; inference; official-api; official-docs; official-source-repo; official-website,"Breakthrough Serverless Compute for AI, At Scale."
65,sn-65,TAO Private Network,TAO Private Network,active,application,active,probed,machine-verified,9,9,11,4,256,1,360,8404076,4950813,https://github.com/taofu-labs/tpn-subnet,https://tpn.taofu.xyz/,https://github.com/e35ventura/taopedia-articles/blob/main/content/pages/subnet_65/index.mdx,https://backprop.finance/dtao/subnets/65-tao-private-network,https://tpn.taofu.xyz/img/logo.jpg,true,https://discord.gg/GRVZyPYd6G,https://discord.gg/GRVZyPYd6G,baseline-curated,Developer-friendly Decentralised VPN infrastructure.
66,sn-66,ninja,ninja,active,application,active,probed,maintainer-reviewed,11,10,6,3,256,1,360,8404076,4958013,https://github.com/unarbos/tau,https://ninja.arbos.life/,https://github.com/unarbos/tau/blob/main/README.md,https://ninja.arbos.life/,https://ninja.arbos.life/favicon.png,true,arbos,,baseline-augmented; baseline-curated; identity-reviewed; official-api; official-docs; official-source-repo; official-website; software-engineering; workflow,Distilling software agents
67,sn-67,Harnyx,Harnyx,active,application,active,probed,machine-verified,7,7,10,4,256,1,360,8404076,7236936,https://github.com/harnyx/harnyx,https://harnyx.ai/,https://github.com/e35ventura/taopedia-articles/blob/main/content/pages/subnet_67/index.mdx,https://backprop.finance/dtao/subnets/67-harnyx,https://harnyx.ai/favicon.svg,true,https://discord.com/channels/799672011265015819/1457737666316472351,https://discord.com/channels/799672011265015819/1457737666316472351,baseline-curated,"Deep research as a commodity. Faster, cheaper, traceable research — produced by a competitive swarm of miners on Bittensor SN67."
68,sn-68,NOVA,NOVA,active,application,active,probed,machine-verified,9,9,10,3,64,2,360,8404076,4972413,https://github.com/metanova-labs/nova,https://www.metanova-labs.ai/,https://github.com/e35ventura/taopedia-articles/blob/main/content/pages/subnet_68/index.mdx,https://backprop.finance/dtao/subnets/68-nova,https://raw.githubusercontent.com/metanova-labs/nova/refs/heads/main/assets/subnet-logo.png,false,,,baseline-curated,Accelerating drug discovery.
69,ain,ain,ain,active,application,active,probed,maintainer-reviewed,5,5,1,6,162,1,360,8404076,8138182,,,,,,false,,,baseline-augmented; baseline-curated; identity-reviewed,
70,sn-70,NexisGen,NexisGen,active,application,active,probed,machine-verified,9,9,10,3,253,1,360,8404076,7787562,https://github.com/RendixNetwork/nexisgen,https://nexisgen.ai/,https://github.com/e35ventura/taopedia-articles/blob/main/content/pages/subnet_70/index.mdx,https://backprop.finance/dtao/subnets/70-nexisgen,https://www.nexisgen.ai/logo.png,false,,,baseline-curated,The dataset engine of decentralized AI
71,sn-71,Leadpoet,Leadpoet,active,application,active,probed,machine-verified,8,8,6,4,256,1,360,8404076,5048438,https://github.com/leadpoet/leadpoet,https://leadpoet.com/,https://github.com/e35ventura/taopedia-articles/blob/main/content/pages/subnet_71/index.mdx,https://backprop.finance/dtao/subnets/71-leadpoet,https://leadpoet.com/leadpoet-social-logo.png,true,,,baseline-curated,Intent-driven AI for modern sales teams.
72,sn-72,StreetVision by NATIX,StreetVision by NATIX,active,application,active,probed,maintainer-reviewed,12,12,14,3,256,1,360,8404076,5064327,https://github.com/natixnetwork/streetvision-subnet,https://www.natix.network/,https://docs.natix.network/whitepaper,,,false,https://discord.com/channels/799672011265015819/1349122541754515538,https://discord.com/channels/799672011265015819/1349122541754515538,baseline-augmented; baseline-curated; computer-vision; data; depin; identity-reviewed; official-docs; official-source-repo; official-website,"Powered by NATIX’s Internet of Cameras, StreetVision is advancing autonomous driving, Physical AI, and map-making."
73,metahash,MetaHash,Parked,active,application,parked,probed,maintainer-reviewed,5,5,2,6,256,1,360,8404076,5160047,,,,,,false,,,baseline-augmented; baseline-curated; defi; identity-reviewed; otc; treasury,
74,gittensor,Gittensor,Gittensor,active,application,active,probed,adapter-backed,19,18,10,1,256,1,360,8404076,5086205,https://github.com/entrius/gittensor,https://gittensor.io/,https://docs.gittensor.io/,,https://gittensor.s3.us-east-2.amazonaws.com/gt-logo-white.png,false,,,baseline-augmented; developer-tools; pilot; repositories,autonomous software development
75,sn-75,Hippius,Hippius,active,application,active,probed,maintainer-reviewed,11,11,17,4,256,1,360,8404076,5102795,https://github.com/thenervelab/hippius-validator,https://hippius.com/,https://docs.hippius.com/,https://taomarketcap.com/subnets/75,https://hippius.com/logo.png,true,,,baseline-augmented; baseline-curated; depin; identity-reviewed; official-docs; official-source-repo; official-website; storage,"Blockchain-backed cloud: storage, VMs, and apps with unmatched transparency, trust, and power."
76,sn-76,Byzantium,Byzantium,active,application,active,probed,maintainer-reviewed,7,7,7,4,44,1,360,8404076,7574784,https://github.com/byzantiumaitao-arch/byzantium,https://www.byzantiumai.net/,,https://taomarketcap.com/subnets/76,https://byzantiumai.net/logos/byzantium-mark-dark.png,false,https://discord.com/channels/799672011265015819/1474042162877300776,https://discord.com/channels/799672011265015819/1474042162877300776,baseline-augmented; baseline-curated; identity-reviewed; official-website,Leverage marketing with AI Swarm
77,sn-77,Liquidity,Liquidity,active,application,active,probed,machine-verified,8,8,6,4,256,1,360,8404076,5128460,https://github.com/creativebuilds/sn77,https://sn77.xyz/,https://github.com/e35ventura/taopedia-articles/blob/main/content/pages/subnet_77/index.mdx,https://backprop.finance/dtao/subnets/77-liquidity,https://sn77.xyz/assets/Logo.svg,false,CreativeBuilds,,baseline-curated,"Supply liquidity on external chains via uniswap, incentivize any project"
78,sn-78,Vocence,Vocence,active,application,active,probed,machine-verified,8,8,8,4,256,1,360,8404076,7966145,https://github.com/vocence-78/vocence,https://www.vocence.ai/,https://github.com/e35ventura/taopedia-articles/blob/main/content/pages/subnet_78/index.mdx,https://backprop.finance/dtao/subnets/78-vocence,https://www.vocence.ai/tab_logo.png,false,https://discord.gg/TWmfwJAtXG,https://discord.gg/TWmfwJAtXG,baseline-curated,The voice layer for decentralized intelligence
79,sn-79,MVTRX,MVTRX,active,application,active,probed,maintainer-reviewed,9,9,17,3,256,1,360,8404076,5173967,https://github.com/taos-im/sn-79,https://taos.im/,https://simulate.trading/taos-im-paper,https://taomarketcap.com/subnets/79,https://assets.mvtrx.fi/logo.png,true,,,baseline-augmented; baseline-curated; identity-reviewed; official-source-repo; official-website,Building a SOTA Exchange for dTAO and Beyond
80,sn-80,dogelayer,dogelayer,active,application,active,probed,machine-verified,9,9,7,4,256,1,360,8404076,7151800,https://github.com/dogelayer-ai/dogelayer,https://dogelayer.ai/,https://github.com/e35ventura/taopedia-articles/blob/main/content/pages/subnet_80/index.mdx,https://backprop.finance/dtao/subnets/80-dogelayer,https://dogelayer.ai/images/design/dogemine-logo.svg,true,dogelayer,,baseline-curated,Dogelayer is the world's first mining pool enabling Scrypt miners to join Bittensor subnet. Our merged mining technology allows traditional miners to earn Alpha tokens through subnet validation while mining LTC/DOGE
81,sn-81,Grail,deprecated,active,application,deprecated,probed,maintainer-reviewed,9,9,2,5,256,1,360,8404076,5203057,https://github.com/one-covenant/grail,,https://github.com/one-covenant/grail/tree/main/docs,https://grail-grafana.tplr.ai/,,true,,,baseline-augmented; baseline-curated; decentralized-training; identity-drift; identity-reviewed; official-docs; official-source-repo,
82,sn-82,Compelle,Compelle,active,application,active,probed,maintainer-reviewed,7,7,19,4,64,1,360,8404076,8026517,https://github.com/compelle/compelle-validator,https://compelle.com/,,https://taomarketcap.com/subnets/82,https://compelle.com/launch/logo-512.png,false,,,baseline-augmented; baseline-curated; identity-reviewed; official-source-repo; official-website,AIs debate until they are AGI.
83,sn-83,CliqueAI,CliqueAI,active,application,active,probed,machine-verified,8,8,6,4,256,1,360,8404076,5231190,https://github.com/toptensor/CliqueAI,https://cliqueai.toptensor.ai/,https://github.com/e35ventura/taopedia-articles/blob/main/content/pages/subnet_83/index.mdx,https://backprop.finance/dtao/subnets/83-cliqueai,,true,https://discord.com/channels/799672011265015819/1355560253076410428,https://discord.com/channels/799672011265015819/1355560253076410428,baseline-curated,CliqueAI - AI-Powered Maximum Clique Solver Network
84,sn-84,ansuz,ansuz,active,application,active,probed,maintainer-reviewed,8,8,2,4,64,1,360,8404076,8085297,https://github.com/TatsuProject/ChipForge_SN84,https://www.chipforge.io/,https://docs.chipforge.io/,https://taomarketcap.com/subnets/84,,false,,,baseline-augmented; baseline-curated; chip-design; hardware; identity-reviewed; official-docs; official-source-repo; official-website,
85,sn-85,Vidaio,Vidaio,active,application,active,probed,maintainer-reviewed,7,7,16,4,256,1,360,8404076,5258781,https://github.com/vidaio-subnet/vidaio-subnet,https://vidaio.io/,,https://taomarketcap.com/subnets/85,https://raw.githubusercontent.com/vidAio-subnet/brand-assets/main/logos/320x320.png,true,https://discord.gg/xhn4jxJMEX,https://discord.gg/xhn4jxJMEX,baseline-augmented; baseline-curated; identity-reviewed; official-source-repo,Next-Generation Video Processing Powered By AI
86,sn-86,Subnet 86,⚒,active,application,active,probed,maintainer-reviewed,5,5,1,6,256,1,360,8404076,6914378,,,,,https://www.publicdomainpictures.net/pictures/390000/velka/image-1614231152FSV.jpg,false,,,baseline-augmented; baseline-curated; identity-placeholder; identity-reviewed,"Methodical. Strong foundation. And...Sr Data Scientist, 4th team member, onboard."
87,sn-87,Luminar Network,unknown,active,application,active,probed,maintainer-reviewed,9,9,1,4,256,2,360,8404076,7208725,,https://luminar.network/,https://docs.luminar.network/,https://demo.luminar.network/,,false,,,baseline-augmented; baseline-curated; identity-reviewed; official-docs; official-website; video-intelligence; vision,
88,sn-88,Investing,Investing,active,application,active,probed,maintainer-reviewed,8,8,12,3,256,1,360,8404076,5299805,https://github.com/mobiusfund/investing,https://investing88.ai/,,https://db.investing88.ai/,https://investing88.ai/logo.png,false,,,baseline-augmented; baseline-curated; data-artifact; finance; identity-reviewed; official-dashboard; official-source-repo; official-website,Decentralized AUM
89,sn-89,InfiniteHash,InfiniteHash,active,application,active,probed,maintainer-reviewed,7,7,8,4,256,2,360,8404076,5313364,https://github.com/backend-developers-ltd/InfiniteHash,https://infinitehash.xyz/,https://github.com/backend-developers-ltd/InfiniteHash/blob/master/docs/subnet_auction_incentive_system.md,https://taomarketcap.com/subnets/89,https://raw.githubusercontent.com/DeltaCompute24/RheftheChef/main/thechef.jpg,true,,,baseline-augmented; baseline-curated; identity-reviewed; official-docs; official-source-repo,BTC Pool + Lightning Network
90,sn-90,DegenBrain,ogham,active,application,active,probed,maintainer-reviewed,8,8,1,4,256,1,360,8404076,7063126,,https://subnet90.com/,,https://degenbrain.com/,,false,,,baseline-augmented; baseline-curated; identity-reviewed; official-website; prediction-markets; verification,
91,sn-91,Bitstarter #1,Bitstarter #1,active,application,active,probed,maintainer-reviewed,10,10,12,4,256,1,360,8404076,7633645,https://github.com/AlphaCoreBittensor/alphacore,https://bitstarter.ai/,https://app.bitstarter.ai/how-it-works/,https://taomarketcap.com/subnets/91,https://ibb.co/QjjRQ2KG,true,officialneeve,,baseline-augmented; baseline-curated; identity-reviewed; official-source-repo; official-website,A new subnet launch on Bitstarter - coming soon!
92,sn-92,Tensorclaw,wgmi,active,application,active,probed,maintainer-reviewed,8,8,1,4,3,1,360,8404076,8352006,https://github.com/tensorclaw/tensorclaw,https://www.tensorclaw.ai/,https://github.com/tensorplex-labs/subnet-docs/tree/main/data/92,https://www.tensorclaw.ai/dashboard,,false,,,baseline-augmented; baseline-curated; identity-drift; identity-reviewed; inference; official-source-repo; official-website; stale-source-restored,
93,sn-93,Bitcast,Bitcast,active,application,active,probed,machine-verified,8,8,13,4,256,2,360,8404076,5370681,https://github.com/bitcast-network/bitcast,https://stats.bitcast.network/,https://github.com/e35ventura/taopedia-articles/blob/main/content/pages/subnet_93/index.mdx,https://stats.bitcast.network/,https://bitcast-logo.s3.us-west-2.amazonaws.com/Bitcast+logo+multi+white.webp,false,,,baseline-curated,The Decentralized Creators Economy
94,sn-94,Bitsota,Bitsota,active,application,active,probed,machine-verified,8,8,9,4,256,1,360,8404076,6962737,https://github.com/AlveusLabs/SN94-BitSota,https://bitsota.ai/,https://github.com/e35ventura/taopedia-articles/blob/main/content/pages/subnet_94/index.mdx,https://backprop.finance/dtao/subnets/94-bitsota,https://bitsota.ai/logo.png,true,dev.alveuslabs,,baseline-curated,Decentralized SoTA Research
95,actual,Actual,Actual,active,application,active,probed,maintainer-reviewed,7,7,12,3,256,1,360,8404076,5403674,https://github.com/actual-computer/actual-subnet-95,https://actual.inc/,,https://backprop.finance/dtao/subnets/95-actual,https://public-assets.actual.inc/red-mask-512.png,true,,,baseline-augmented; baseline-curated; identity-reviewed; inference; model-registry; official-website,Heterogeneous inference network by Actual Computer Inc.
96,sn-96,Verathos,Verathos,active,application,active,probed,maintainer-reviewed,12,11,7,2,256,1,360,8404076,7692872,https://github.com/verathos-ai/verathos,https://verathos.ai/,https://verathos.ai/docs,https://verathos.ai/chat,https://raw.githubusercontent.com/verathos-ai/verathos/main/assets/logo.png,true,,,baseline-augmented; baseline-curated; identity-reviewed; inference; language-models; official-api; official-docs; official-openapi; official-source-repo; official-website,Verified AI inference and training subnet.
97,sn-97,Albedo,Albedo,active,application,active,probed,machine-verified,10,10,7,3,256,1,360,8404076,7735450,https://github.com/unarbos/albedo,https://us-east-1.hippius.com/albedo/index.html,https://docs.flamewire.io/docs/miners/registration,https://backprop.finance/dtao/subnets/97-albedo,https://us-east-1.hippius.com/albedo/favicon.png,true,'@arbos,,baseline-curated,Alchemical intelligence
98,sn-98,ForeverMoney,ForeverMoney,active,application,active,probed,maintainer-reviewed,8,8,14,4,256,1,360,8404076,5445992,https://github.com/SN98-ForeverMoney/forever-money,https://forevermoney.ai/,,https://taomarketcap.com/subnets/98,https://sn98.s3.eu-north-1.amazonaws.com/sn98.png,true,https://discord.gg/8XuGcpY2w4,https://discord.gg/8XuGcpY2w4,baseline-augmented; baseline-curated; finance; identity-reviewed; official-source-repo; official-website,Decentralized intelligence for advanced liquidity management. Alpha-gated TG
99,sn-99,Leoma,Leoma,active,application,active,probed,machine-verified,9,9,8,4,256,1,360,8404076,7415113,https://github.com/RendixNetwork/leoma,https://leoma.ai/,https://docs.leoma.ai/storage,https://backprop.finance/dtao/subnets/99-leoma,https://leoma.ai/logo.png,false,,,baseline-curated,Decentralized Video Generation Platform
100,sn-100,Plaτform,Plaτform,active,application,active,probed,maintainer-reviewed,9,9,13,4,256,1,360,8404076,6693448,https://github.com/PlatformNetwork/platform,https://www.platform.network/,https://www.platform.network/docs,https://taomarketcap.com/subnets/100,https://www.platform.network/logo.png,true,https://discord.platform.network/,https://discord.platform.network/,ai-research; baseline-augmented; baseline-curated; identity-reviewed; official-docs; official-source-repo; official-website,"An auto-research subnet where miners compete in multiple challenges to achieve top scores against a synthetic benchmark, driving continuous performance optimization."
101,eni,eni,Tag101,active,application,active,probed,maintainer-reviewed,7,7,17,4,256,1,360,8404076,5481350,https://github.com/tag101-ai/tag101,http://tag101.ai/,,,,false,Tag101,,baseline-augmented; baseline-curated; identity-reviewed,Tag101 is a Bittensor subnet for decentralized social post tagging
102,sn-102,ConnitoAI,ConnitoAI,active,application,active,probed,maintainer-reviewed,8,8,7,4,256,1,360,8404076,7840965,https://github.com/Connito-AI/Connito,https://connito.ai/,,https://taomarketcap.com/subnets/102,https://connito.ai/images/logo,true,isabella618033,,baseline-augmented; baseline-curated; identity-reviewed; official-source-repo; official-website,"Contributors train specialized expert modules that are aggregated into powerful AI systems, without massive centralized compute."
103,sn-103,Djinn,Djinn,active,application,active,probed,maintainer-reviewed,9,9,15,4,256,1,360,8404076,5515448,https://github.com/Djinn-Inc/djinn,https://www.djinn.gg/,,https://taomarketcap.com/subnets/103,https://raw.githubusercontent.com/Djinn-Inc/djinn-assets/main/djinn-logo-black.png,true,,,baseline-augmented; baseline-curated; identity-reviewed; official-source-repo; official-website,Information X Execution
104,for-sale-uid1,for sale (burn to uid1),for sale (burn to uid1),active,application,active,probed,maintainer-reviewed,5,5,1,6,64,1,360,8404076,5528520,,,,,,false,,,baseline-augmented; baseline-curated; identity-reviewed; no-public-project-surface,"subnet for sale. in the meantime, burning to uid1 and experimentation stops to park subnet until sold."
105,sn-105,Beam,Beam,active,application,active,probed,machine-verified,9,9,6,4,256,1,360,8404076,6841399,https://github.com/orgs/Beam-Network/repositories,https://b1m.ai/,https://github.com/e35ventura/taopedia-articles/blob/main/content/pages/subnet_105/index.mdx,https://backprop.finance/dtao/subnets/105-beam,https://pbs.twimg.com/profile_images/2029345851412185088/vd2bTk4L_400x400.jpg,true,https://discord.com/channels/799672011265015819/1437473346026475702,https://discord.com/channels/799672011265015819/1437473346026475702,baseline-curated,Decentralized bandwidth. A global network. Powering the open internet.
106,nodexo,Nodexo,Nodexo,active,application,active,probed,maintainer-reviewed,8,5,8,5,256,1,360,8404076,5558480,,https://nodexo.ai/,https://docs.nodexo.ai/,https://console.nodexo.ai/,,true,https://discord.gg/fwjBwxUcdX,https://discord.gg/fwjBwxUcdX,baseline-augmented; baseline-curated; compute; gpu; identity-reviewed; official-docs; official-website,tokenized ai compute
107,sn-107,Minos,Minos,active,application,active,probed,machine-verified,9,9,12,4,64,1,360,8404076,7457580,https://github.com/minos-protocol/minos_subnet,https://theminos.ai/,https://github.com/e35ventura/taopedia-articles/blob/main/content/pages/subnet_107/index.mdx,https://backprop.finance/dtao/subnets/107-minos,https://theminos.ai/logo.png,true,https://discord.com/channels/799672011265015819/1467949024769478793,https://discord.com/channels/799672011265015819/1467949024769478793,baseline-curated,The Foundational Layer of Genomics
108,sn-108,TalkHead,TalkHead,active,application,active,probed,machine-verified,7,7,13,4,151,1,360,8404076,7105263,https://github.com/talkheadai/talkhead-subnet,https://www.talkhead.ai/,https://github.com/e35ventura/taopedia-articles/blob/main/content/pages/subnet_108/index.mdx,https://backprop.finance/dtao/subnets/108-talkhead,https://www.talkhead.ai/logo.svg,true,,,baseline-curated,Talking Head Generation
109,sn-109,Academia,Academia,active,application,active,probed,maintainer-reviewed,7,7,1,4,256,1,360,8404076,7257480,https://github.com/fx-integral/academia,,,https://taomarketcap.com/subnets/109,,false,https://discord.gg/R7aD3JA4DN,https://discord.gg/R7aD3JA4DN,baseline-augmented; baseline-curated; data-artifact; identity-reviewed; official-source-repo,Academia: where builders become subnet owners.
110,sn-110,Green Compute,Green Compute,active,application,active,probed,maintainer-reviewed,12,11,14,1,256,1,360,8404076,5606062,https://github.com/Rich-Kids-of-TAO/rkt-subnet,https://www.green-compute.com/,https://github.com/e35ventura/taopedia-articles/blob/main/content/pages/subnet_110/index.mdx,https://taomarketcap.com/subnets/110,https://www.green-compute.com/green.png,false,,,baseline-augmented; baseline-curated; identity-reviewed; model-directory; official-api; official-website,"Enterprise Inference Hardware, 100% Green Energy"
111,sn-111,oneoneone,oneoneone,active,application,active,probed,maintainer-reviewed,7,7,1,4,256,1,360,8404076,5615562,https://github.com/oneoneone-io/subnet-111,https://oneoneone.io/,,https://taomarketcap.com/subnets/111,,true,,,baseline-augmented; baseline-curated; data; identity-reviewed; official-source-repo; official-website; ugc,
112,sn-112,minotaur,minotaur,active,application,active,probed,machine-verified,8,8,10,4,256,1,360,8404076,5633022,https://github.com/subnet112/minotaur_subnet,https://minotaursubnet.com/,https://github.com/e35ventura/taopedia-articles/blob/main/content/pages/subnet_112/index.mdx,https://backprop.finance/dtao/subnets/112-minotaur,https://minotaursubnet.com/logos/logo.png,false,,,baseline-curated,Distributed DEX aggregator and swap intent solver engine
113,sn-113,TensorUSD,TensorUSD,active,application,active,probed,maintainer-reviewed,9,9,11,4,135,2,360,8404076,7119664,https://github.com/TensorUSD/subnet,https://tensorusd.com/,https://docs.tensorusd.com/components/subnet,https://taomarketcap.com/subnets/113,https://avatars.githubusercontent.com/u/228006888?s=200&v=4,true,https://discord.com/invite/fAHB6N92Qd,https://discord.com/invite/fAHB6N92Qd,baseline-augmented; baseline-curated; identity-reviewed; official-docs; official-source-repo; official-website; stablecoin,A reserve-backed stablecoin designed to support 1:1 redeemability for US Dollar within the Bittensor ecosystem.
114,sn-114,SOMA,SOMA,active,application,active,probed,maintainer-reviewed,11,11,12,3,256,1,360,8404076,7312241,https://github.com/DendriteHQ/SOMA,https://thesoma.ai/,,https://thesoma.ai/dashboard,https://thesoma.ai/images/1200x1200.png,true,https://discord.gg/durr4Sg6sM,https://discord.gg/durr4Sg6sM,baseline-augmented; baseline-curated; identity-reviewed; mcp; official-source-repo; official-website,AI solutions delivered through MCP infrastructure
115,sn-115,HashiChain,HashiChain,active,application,active,probed,maintainer-reviewed,6,6,1,5,256,1,360,8404076,5683635,https://github.com/hashi115/hashichain,,,https://taomarketcap.com/subnets/115,https://raw.githubusercontent.com/hashi115/hashichain/refs/heads/main/assets/intro.png,true,,,baseline-augmented; baseline-curated; identity-reviewed; official-source-repo,The First Public Blockchain Designed for AI Agents
116,taolend,TaoLend,hard_sign,active,application,active,probed,maintainer-reviewed,6,6,3,5,73,1,360,8404076,8294730,,https://taolend.io/,,,,false,,,baseline-augmented; baseline-curated; defi; identity-reviewed; lending; official-website,
117,sn-117,BrainPlay,Unknown,active,application,active,probed,maintainer-reviewed,8,8,1,4,97,1,360,8404076,5710859,https://github.com/shiftlayer-llc/brainplay-subnet,https://play.shiftlayer.ai/,,https://taomarketcap.com/subnets/117,,true,,,baseline-augmented; baseline-curated; identity-dispute; identity-reviewed; official-source-repo,
118,sn-118,Ditto,Ditto,active,application,active,probed,maintainer-reviewed,14,14,17,3,256,1,360,8404076,5724794,https://github.com/ditto-assistant/dittobench-starter-kit,https://heyditto.ai/,https://heyditto.ai/docs/,https://assistant.heyditto.ai/,https://f005.backblazeb2.com/file/ditto-assets/ditto-logo.png,true,https://discord.gg/qNKYZEMpkD,https://discord.gg/qNKYZEMpkD,agent-memory; baseline-augmented; baseline-curated; identity-reviewed; official-docs; official-website,Open-Source Claude Cowork
119,satori,Satori,Satori,active,application,active,probed,maintainer-reviewed,5,5,2,5,256,1,360,8404076,5740660,https://github.com/Satori119/Satori,,,,https://raw.githubusercontent.com/Satori119/Satori/refs/heads/main/assets/logo.png,true,,,baseline-augmented; baseline-curated; identity-reviewed; virtual-world,"Satori constructs a persistent 'Second Life' in Japan. We merge deep AI companionship with authentic Digital Residency, creating a seamless bridge where virtual emotional connections unlock real-world value and physical experiences."
120,sn-120,Affine,Affine,active,application,active,probed,machine-verified,7,7,8,4,256,1,360,8404076,5749344,https://github.com/AffineFoundation/affine,https://www.affine.io/,https://github.com/e35ventura/taopedia-articles/blob/main/content/pages/subnet_120/index.mdx,https://backprop.finance/dtao/subnets/120-affine,https://raw.githubusercontent.com/AffineFoundation/affine/main/affine.png,true,consttt,,baseline-curated,Reason Mining
121,sn-121,sundae_bar,sundae_bar,active,application,active,probed,maintainer-reviewed,7,7,17,4,256,1,360,8404076,5766528,https://github.com/sundae-bar/bittensor-subnet,https://www.sundaebar.ai/,,https://taomarketcap.com/subnets/121,https://www.sundaebar.ai/apple-icon.png,true,,,baseline-augmented; baseline-curated; identity-reviewed; official-source-repo; official-website,A generalist AI agent designed to execute real business workflows end-to-end.
122,sn-122,Bitrecs,gamma_small,active,application,active,probed,maintainer-reviewed,8,8,1,4,2,1,360,8404076,8238082,https://github.com/bitrecs/bitrecs-subnet,https://www.bitrecs.ai/,https://bitrecs.gitbook.io/bitrecs-docs/,https://taomarketcap.com/subnets/122,,false,,,baseline-augmented; baseline-curated; identity-reviewed; official-docs; official-source-repo; official-website; recommendations,
123,sn-123,MANTIS,MANTIS,active,application,active,probed,maintainer-reviewed,7,7,1,5,256,1,360,8404076,5794330,https://github.com/Barbariandev/MANTIS,,,https://taomarketcap.com/subnets/123,,false,,,baseline-augmented; baseline-curated; identity-reviewed; official-source-repo; sdk,
124,sn-124,Swarm,Swarm,active,application,active,probed,machine-verified,8,8,7,4,256,1,360,8404076,5813454,https://github.com/swarm-subnet/swarm,https://www.swarm124.com/,https://github.com/e35ventura/taopedia-articles/blob/main/content/pages/subnet_124/index.mdx,https://backprop.finance/dtao/subnets/124-swarm,https://raw.githubusercontent.com/swarm-subnet/swarm/refs/heads/main/swarm/assets/Swarm.png,true,,,baseline-curated,
125,eightball,8 Ball,8 Ball,active,application,active,probed,maintainer-reviewed,8,8,1,4,256,1,360,8404076,5834408,https://github.com/Barbariandev/8Ball_miner,https://8ball125.com/,https://github.com/Barbariandev/8Ball_miner#readme,,,false,,,baseline-augmented; baseline-curated; identity-reviewed; official-source-repo; official-website; prediction-market,
126,sn-126,Poker44,Poker44,active,application,active,probed,machine-verified,7,7,11,4,256,1,360,8404076,7525773,https://github.com/Poker44/Poker44-subnet,https://poker44.net/,https://github.com/e35ventura/taopedia-articles/blob/main/content/pages/subnet_126/index.mdx,https://backprop.finance/dtao/subnets/126-poker44,https://raw.githubusercontent.com/Poker44/Poker44-subnet/refs/heads/main/poker44/assets/logo.jpeg,true,,,baseline-curated,Decentralized Poker Platform with Bot Dection
127,sn-127,Astrid,Astrid,active,application,active,probed,machine-verified,7,7,10,4,256,1,360,8404076,5848837,https://github.com/astridintelligence/sn-127,https://www.astrid.global/,https://github.com/e35ventura/taopedia-articles/blob/main/content/pages/subnet_127/index.mdx,https://backprop.finance/dtao/subnets/127-astrid,https://cdn.prod.website-files.com/68b07769f32da8fcc36dc172/69f2325c06235848691480b7_Astrid%20Square.png,false,,,baseline-curated,The capital axis for Bittensor.
128,sn-128,ByteLeap,ByteLeap,active,application,active,probed,machine-verified,8,8,7,4,256,1,360,8404076,5856038,https://github.com/byteleapai/byteleap-Miner,https://byteleap.ai/,https://github.com/e35ventura/taopedia-articles/blob/main/content/pages/subnet_128/index.mdx,https://backprop.finance/dtao/subnets/128-byteleap,https://avatars.githubusercontent.com/u/217718200,true,https://discord.com/channels/799672011265015819/1387438124132733110,https://discord.com/channels/799672011265015819/1387438124132733110,baseline-curated,Pioneering the Future of Cloud & Blockchain
